param_svm__model__C,param_svm__model__gamma,mean_test_score,std_test_score,rank_test_score
10.0,scale,0.5990767343963631,0.017356155132787113,1
1.0,0.01,0.5936853365527093,0.030299355721378988,2
10.0,0.01,0.5929404155254906,0.01931578456059487,3
1.0,scale,0.5715721633146298,0.02656629315214338,4
10.0,0.1,0.5113311949160535,0.011121595170962648,5
1.0,0.1,0.4848650131650474,0.005747178017785162,6
0.1,scale,0.4694057160358695,0.0001802891250314741,7
0.1,0.1,0.4694057160358695,0.0001802891250314741,7
0.1,0.01,0.4694057160358695,0.0001802891250314741,7
